{
    "name": "root",
    "gauges": {
        "PlayerAgent.Policy.Entropy.mean": {
            "value": 1.3994389772415161,
            "min": 1.3992174863815308,
            "max": 1.4203784465789795,
            "count": 100
        },
        "PlayerAgent.Policy.Entropy.sum": {
            "value": 1384.045166015625,
            "min": 1362.978515625,
            "max": 1451.025146484375,
            "count": 100
        },
        "PlayerAgent.Step.mean": {
            "value": 99986.0,
            "min": 973.0,
            "max": 99986.0,
            "count": 100
        },
        "PlayerAgent.Step.sum": {
            "value": 99986.0,
            "min": 973.0,
            "max": 99986.0,
            "count": 100
        },
        "PlayerAgent.Policy.ExtrinsicValueEstimate.mean": {
            "value": 0.527563750743866,
            "min": -0.7025586366653442,
            "max": 1.380466103553772,
            "count": 100
        },
        "PlayerAgent.Policy.ExtrinsicValueEstimate.sum": {
            "value": 16.88204002380371,
            "min": -22.481876373291016,
            "max": 44.1749153137207,
            "count": 100
        },
        "PlayerAgent.Environment.EpisodeLength.mean": {
            "value": 541.5,
            "min": 133.33333333333334,
            "max": 999.0,
            "count": 100
        },
        "PlayerAgent.Environment.EpisodeLength.sum": {
            "value": 1083.0,
            "min": 272.0,
            "max": 1863.0,
            "count": 100
        },
        "PlayerAgent.Environment.CumulativeReward.mean": {
            "value": -4.136221267282963,
            "min": -10.741890087723732,
            "max": 23.87896917760372,
            "count": 100
        },
        "PlayerAgent.Environment.CumulativeReward.sum": {
            "value": -8.272442534565926,
            "min": -16.066624399274588,
            "max": 43.67005054652691,
            "count": 100
        },
        "PlayerAgent.Policy.ExtrinsicReward.mean": {
            "value": -4.136221267282963,
            "min": -10.741890087723732,
            "max": 23.87896917760372,
            "count": 100
        },
        "PlayerAgent.Policy.ExtrinsicReward.sum": {
            "value": -8.272442534565926,
            "min": -16.066624399274588,
            "max": 43.67005054652691,
            "count": 100
        },
        "PlayerAgent.IsTraining.mean": {
            "value": 1.0,
            "min": 1.0,
            "max": 1.0,
            "count": 100
        },
        "PlayerAgent.IsTraining.sum": {
            "value": 1.0,
            "min": 1.0,
            "max": 1.0,
            "count": 100
        },
        "PlayerAgent.Losses.PolicyLoss.mean": {
            "value": 0.10022835729372066,
            "min": 0.07785364616574952,
            "max": 0.11333238771476317,
            "count": 48
        },
        "PlayerAgent.Losses.PolicyLoss.sum": {
            "value": 0.10022835729372066,
            "min": 0.07785364616574952,
            "max": 0.11333238771476317,
            "count": 48
        },
        "PlayerAgent.Losses.ValueLoss.mean": {
            "value": 1.229192920960486,
            "min": 0.09185409419781838,
            "max": 3.585291169428577,
            "count": 48
        },
        "PlayerAgent.Losses.ValueLoss.sum": {
            "value": 1.229192920960486,
            "min": 0.09185409419781838,
            "max": 3.585291169428577,
            "count": 48
        },
        "PlayerAgent.Policy.LearningRate.mean": {
            "value": 2.7210990930000064e-06,
            "min": 2.7210990930000064e-06,
            "max": 0.000293799002067,
            "count": 48
        },
        "PlayerAgent.Policy.LearningRate.sum": {
            "value": 2.7210990930000064e-06,
            "min": 2.7210990930000064e-06,
            "max": 0.000293799002067,
            "count": 48
        },
        "PlayerAgent.Policy.Epsilon.mean": {
            "value": 0.10090700000000001,
            "min": 0.10090700000000001,
            "max": 0.197933,
            "count": 48
        },
        "PlayerAgent.Policy.Epsilon.sum": {
            "value": 0.10090700000000001,
            "min": 0.10090700000000001,
            "max": 0.197933,
            "count": 48
        },
        "PlayerAgent.Policy.Beta.mean": {
            "value": 5.52593000000001e-05,
            "min": 5.52593000000001e-05,
            "max": 0.0048968567000000005,
            "count": 48
        },
        "PlayerAgent.Policy.Beta.sum": {
            "value": 5.52593000000001e-05,
            "min": 5.52593000000001e-05,
            "max": 0.0048968567000000005,
            "count": 48
        }
    },
    "metadata": {
        "timer_format_version": "0.1.0",
        "start_time_seconds": "1745215981",
        "python_version": "3.10.11 (tags/v3.10.11:7d4cc5a, Apr  5 2023, 00:38:17) [MSC v.1929 64 bit (AMD64)]",
        "command_line_arguments": "C:\\Users\\USER\\AppData\\Local\\Programs\\Python\\Python310\\Scripts\\mlagents-learn trainer_config.yaml --run-id=my_run --force",
        "mlagents_version": "1.1.0",
        "mlagents_envs_version": "1.1.0",
        "communication_protocol_version": "1.5.0",
        "pytorch_version": "2.2.2+cu121",
        "numpy_version": "1.23.5",
        "end_time_seconds": "1745218471"
    },
    "total": 2490.3140744999982,
    "count": 1,
    "self": 0.035976900020614266,
    "children": {
        "run_training.setup": {
            "total": 0.1163052999181673,
            "count": 1,
            "self": 0.1163052999181673
        },
        "TrainerController.start_learning": {
            "total": 2490.1617923000595,
            "count": 1,
            "self": 2.644346389104612,
            "children": {
                "TrainerController._reset_env": {
                    "total": 11.19965670001693,
                    "count": 1,
                    "self": 11.19965670001693
                },
                "TrainerController.advance": {
                    "total": 2475.7740823109634,
                    "count": 100188,
                    "self": 2.5186926146270707,
                    "children": {
                        "env_step": {
                            "total": 2192.071633689804,
                            "count": 100188,
                            "self": 1342.4119198685512,
                            "children": {
                                "SubprocessEnvManager._take_step": {
                                    "total": 847.7555095319403,
                                    "count": 100188,
                                    "self": 9.981291641946882,
                                    "children": {
                                        "TorchPolicy.evaluate": {
                                            "total": 837.7742178899935,
                                            "count": 100018,
                                            "self": 837.7742178899935
                                        }
                                    }
                                },
                                "workers": {
                                    "total": 1.9042042893124744,
                                    "count": 100188,
                                    "self": 0.0,
                                    "children": {
                                        "worker_root": {
                                            "total": 2478.2118234969676,
                                            "count": 100188,
                                            "is_parallel": true,
                                            "self": 1266.755547505687,
                                            "children": {
                                                "steps_from_proto": {
                                                    "total": 0.0027971999952569604,
                                                    "count": 1,