{
    "name": "root",
    "gauges": {
        "PlayerAgent.Policy.Entropy.mean": {
            "value": 1.4314723014831543,
            "min": 1.420440673828125,
            "max": 1.4314723014831543,
            "count": 4
        },
        "PlayerAgent.Policy.Entropy.sum": {
            "value": 14369.119140625,
            "min": 14243.998046875,
            "max": 14369.119140625,
            "count": 4
        },
        "PlayerAgent.Step.mean": {
            "value": 39987.0,
            "min": 9997.0,
            "max": 39987.0,
            "count": 4
        },
        "PlayerAgent.Step.sum": {
            "value": 39987.0,
            "min": 9997.0,
            "max": 39987.0,
            "count": 4
        },
        "PlayerAgent.Policy.ExtrinsicValueEstimate.mean": {
            "value": 13.629565238952637,
            "min": 4.688501358032227,
            "max": 13.629565238952637,
            "count": 4
        },
        "PlayerAgent.Policy.ExtrinsicValueEstimate.sum": {
            "value": 2262.5078125,
            "min": 778.291259765625,
            "max": 2262.5078125,
            "count": 4
        },
        "PlayerAgent.Environment.EpisodeLength.mean": {
            "value": 567.3333333333334,
            "min": 353.962962962963,
            "max": 567.3333333333334,
            "count": 4
        },
        "PlayerAgent.Environment.EpisodeLength.sum": {
            "value": 10212.0,
            "min": 9557.0,
            "max": 10212.0,
            "count": 4
        },
        "PlayerAgent.Self-play.ELO.mean": {
            "value": 1119.602066498868,
            "min": 1119.602066498868,
            "max": 1189.5108823657667,
            "count": 4
        },
        "PlayerAgent.Self-play.ELO.sum": {
            "value": 20152.837196979624,
            "min": 20152.837196979624,
            "max": 31483.015554601523,
            "count": 4
        },
        "PlayerAgent.Environment.CumulativeReward.mean": {
            "value": 95.28653880125947,
            "min": 60.94396454647735,
            "max": 95.28653880125947,
            "count": 4
        },
        "PlayerAgent.Environment.CumulativeReward.sum": {
            "value": 1715.1576984226704,
            "min": 1631.7221841812134,
            "max": 1737.4844424426556,
            "count": 4
        },
        "PlayerAgent.Policy.ExtrinsicReward.mean": {
            "value": 95.28653880125947,
            "min": 60.94396454647735,
            "max": 95.28653880125947,
            "count": 4
        },
        "PlayerAgent.Policy.ExtrinsicReward.sum": {
            "value": 1715.1576984226704,
            "min": 1631.7221841812134,
            "max": 1737.4844424426556,
            "count": 4
        },
        "PlayerAgent.Losses.PolicyLoss.mean": {
            "value": 0.10144179935462794,
            "min": 0.09804285753335382,
            "max": 0.10215117070365523,
            "count": 4
        },
        "PlayerAgent.Losses.PolicyLoss.sum": {
            "value": 0.5072089967731397,
            "min": 0.39509420960257563,
            "max": 0.5107558535182761,
            "count": 4
        },
        "PlayerAgent.Losses.ValueLoss.mean": {
            "value": 28.07407266894976,
            "min": 20.599226499597233,
            "max": 33.0931859811147,
            "count": 4
        },
        "PlayerAgent.Losses.ValueLoss.sum": {
            "value": 140.3703633447488,
            "min": 82.39690599838893,
            "max": 165.46592990557352,
            "count": 4
        },
        "PlayerAgent.Policy.LearningRate.mean": {
            "value": 0.00028938342353885995,
            "min": 0.00028938342353885995,
            "max": 0.00029844022551992497,
            "count": 4
        },
        "PlayerAgent.Policy.LearningRate.sum": {
            "value": 0.0014469171176942999,
            "min": 0.0011937609020796999,
            "max": 0.0014781276072907998,
            "count": 4
        },
        "PlayerAgent.Policy.Epsilon.mean": {
            "value": 0.19646113999999998,
            "min": 0.19646113999999998,
            "max": 0.19948007500000003,
            "count": 4
        },
        "PlayerAgent.Policy.Epsilon.sum": {
            "value": 0.9823057,
            "min": 0.7979203000000001,
            "max": 0.9927092,
            "count": 4
        },
        "PlayerAgent.Policy.Beta.mean": {
            "value": 0.004823410886,
            "min": 0.004823410886,
            "max": 0.0049740557425,
            "count": 4
        },
        "PlayerAgent.Policy.Beta.sum": {
            "value": 0.02411705443,
            "min": 0.01989622297,
            "max": 0.024636189079999996,
            "count": 4
        },
        "PlayerAgent.IsTraining.mean": {
            "value": 1.0,
            "min": 1.0,
            "max": 1.0,
            "count": 4
        },
        "PlayerAgent.IsTraining.sum": {
            "value": 1.0,
            "min": 1.0,
            "max": 1.0,
            "count": 4
        }
    },
    "metadata": {
        "timer_format_version": "0.1.0",
        "start_time_seconds": "1744868152",
        "python_version": "3.10.11 (tags/v3.10.11:7d4cc5a, Apr  5 2023, 00:38:17) [MSC v.1929 64 bit (AMD64)]",
        "command_line_arguments": "C:\\Users\\USER\\AppData\\Local\\Programs\\Python\\Python310\\Scripts\\mlagents-learn trainer_config.yaml --run-id=my_run --force",
        "mlagents_version": "1.1.0",
        "mlagents_envs_version": "1.1.0",
        "communication_protocol_version": "1.5.0",
        "pytorch_version": "2.2.2+cu121",
        "numpy_version": "1.23.5",
        "end_time_seconds": "1744869018"
    },
    "total": 865.793146299955,
    "count": 1,
    "self": 0.010057999985292554,
    "children": {
        "run_training.setup": {
            "total": 0.07132429996272549,
            "count": 1,
            "self": 0.07132429996272549
        },
        "TrainerController.start_learning": {
            "total": 865.711764000007,
            "count": 1,
            "self": 1.0802765967673622,
            "children": {
                "TrainerController._reset_env": {
                    "total": 11.612365400011186,
                    "count": 1,
                    "self": 11.612365400011186
                },
                "TrainerController.advance": {
                    "total": 852.6201075032586,
                    "count": 40913,
                    "self": 1.0228071097517386,
                    "children": {
                        "env_step": {
                            "total": 747.2996254959726,
                            "count": 40913,
                            "self": 446.67066220147535,
                            "children": {
                                "SubprocessEnvManager._take_step": {
                                    "total": 299.8432727008476,
                                    "count": 40913,
                                    "self": 3.9792953020660207,
                                    "children": {
                                        "TorchPolicy.evaluate": {
                                            "total": 295.86397739878157,
                                            "count": 40821,
                                            "self": 295.86397739878157
                                        }
                                    }
                                },
                                "workers": {
                                    "total": 0.7856905936496332,
                                    "count": 40912,
                                    "self": 0.0,
                                    "children": {
                                        "worker_root": {
                                            "total": 849.4502435962786,
                                            "count": 40912,
                                            "is_parallel": true,
                                            "self": 459.76468829996884,