{
    "name": "root",
    "gauges": {
        "PlayerAgent.Policy.Entropy.mean": {
            "value": 1.2916419506072998,
            "min": 1.2910338640213013,
            "max": 1.4214599132537842,
            "count": 56
        },
        "PlayerAgent.Policy.Entropy.sum": {
            "value": 12952.5849609375,
            "min": 12872.8984375,
            "max": 14282.8291015625,
            "count": 56
        },
        "PlayerAgent.Step.mean": {
            "value": 559966.0,
            "min": 9984.0,
            "max": 559966.0,
            "count": 56
        },
        "PlayerAgent.Step.sum": {
            "value": 559966.0,
            "min": 9984.0,
            "max": 559966.0,
            "count": 56
        },
        "PlayerAgent.Policy.ExtrinsicValueEstimate.mean": {
            "value": -22.85655403137207,
            "min": -25.406999588012695,
            "max": -6.777511119842529,
            "count": 56
        },
        "PlayerAgent.Policy.ExtrinsicValueEstimate.sum": {
            "value": -4022.75341796875,
            "min": -4603.251953125,
            "max": -1253.839599609375,
            "count": 56
        },
        "PlayerAgent.Environment.EpisodeLength.mean": {
            "value": 217.57777777777778,
            "min": 157.3015873015873,
            "max": 282.0571428571429,
            "count": 56
        },
        "PlayerAgent.Environment.EpisodeLength.sum": {
            "value": 9791.0,
            "min": 9754.0,
            "max": 10123.0,
            "count": 56
        },
        "PlayerAgent.Self-play.ELO.mean": {
            "value": -362.37190484057834,
            "min": -362.37190484057834,
            "max": 1172.0311077442227,
            "count": 56
        },
        "PlayerAgent.Self-play.ELO.sum": {
            "value": -15581.991908144868,
            "min": -20482.57842435594,
            "max": 66876.68211464908,
            "count": 56
        },
        "PlayerAgent.Environment.CumulativeReward.mean": {
            "value": -71.79955390294393,
            "min": -91.69419197241466,
            "max": -52.68940955116635,
            "count": 56
        },
        "PlayerAgent.Environment.CumulativeReward.sum": {
            "value": -3230.979925632477,
            "min": -3490.557665348053,
            "max": -3147.0327944755554,
            "count": 56
        },
        "PlayerAgent.Policy.ExtrinsicReward.mean": {
            "value": -71.79955390294393,
            "min": -91.69419197241466,
            "max": -52.68940955116635,
            "count": 56
        },
        "PlayerAgent.Policy.ExtrinsicReward.sum": {
            "value": -3230.979925632477,
            "min": -3490.557665348053,
            "max": -3147.0327944755554,
            "count": 56
        },
        "PlayerAgent.Losses.PolicyLoss.mean": {
            "value": 0.0996256297170272,
            "min": 0.09053083012304342,
            "max": 0.10716051213633666,
            "count": 56
        },
        "PlayerAgent.Losses.PolicyLoss.sum": {
            "value": 0.498128148585136,
            "min": 0.3664610467070209,
            "max": 0.5358025606816833,
            "count": 56
        },
        "PlayerAgent.Losses.ValueLoss.mean": {
            "value": 20.558448875447116,
            "min": 15.47511946236094,
            "max": 31.203567698597908,
            "count": 56
        },
        "PlayerAgent.Losses.ValueLoss.sum": {
            "value": 102.79224437723558,
            "min": 77.3755973118047,
            "max": 147.7431186536948,
            "count": 56
        },
        "PlayerAgent.Policy.LearningRate.mean": {
            "value": 0.00013348187550606003,
            "min": 0.00013348187550606003,
            "max": 0.00029843430052189994,
            "count": 56
        },
        "PlayerAgent.Policy.LearningRate.sum": {
            "value": 0.0006674093775303001,
            "min": 0.0005701148099618,
            "max": 0.0014780904073032001,
            "count": 56
        },
        "PlayerAgent.Policy.Epsilon.mean": {
            "value": 0.14449394000000002,
            "min": 0.14449394000000002,
            "max": 0.19947810000000002,
            "count": 56
        },
        "PlayerAgent.Policy.Epsilon.sum": {
            "value": 0.7224697000000001,
            "min": 0.5900382000000001,
            "max": 0.9926968,
            "count": 56
        },
        "PlayerAgent.Policy.Beta.mean": {
            "value": 0.0022302476060000005,
            "min": 0.0022302476060000005,
            "max": 0.0049739571899999994,
            "count": 56
        },
        "PlayerAgent.Policy.Beta.sum": {
            "value": 0.011151238030000002,
            "min": 0.009522906180000002,
            "max": 0.024635570319999998,
            "count": 56
        },
        "PlayerAgent.IsTraining.mean": {
            "value": 1.0,
            "min": 1.0,
            "max": 1.0,
            "count": 56
        },
        "PlayerAgent.IsTraining.sum": {
            "value": 1.0,
            "min": 1.0,
            "max": 1.0,
            "count": 56
        }
    },
    "metadata": {
        "timer_format_version": "0.1.0",
        "start_time_seconds": "1743975622",
        "python_version": "3.10.11 (tags/v3.10.11:7d4cc5a, Apr  5 2023, 00:38:17) [MSC v.1929 64 bit (AMD64)]",
        "command_line_arguments": "C:\\Users\\USER\\AppData\\Local\\Programs\\Python\\Python310\\Scripts\\mlagents-learn trainer_config.yaml --run-id=my_run --force",
        "mlagents_version": "1.1.0",
        "mlagents_envs_version": "1.1.0",
        "communication_protocol_version": "1.5.0",
        "pytorch_version": "2.2.2+cu121",
        "numpy_version": "1.23.5",
        "end_time_seconds": "1743982407"
    },
    "total": 6785.165831699967,
    "count": 1,
    "self": 0.010376499849371612,
    "children": {
        "run_training.setup": {
            "total": 0.12001130008138716,
            "count": 1,
            "self": 0.12001130008138716
        },
        "TrainerController.start_learning": {
            "total": 6785.035443900037,
            "count": 1,
            "self": 11.837569717434235,
            "children": {
                "TrainerController._reset_env": {
                    "total": 15.282014099997468,
                    "count": 3,
                    "self": 15.282014099997468
                },
                "TrainerController.advance": {
                    "total": 6757.799440482631,
                    "count": 568006,
                    "self": 10.894794688443653,
                    "children": {
                        "env_step": {
                            "total": 6203.512479927042,
                            "count": 568006,
                            "self": 4159.629858202417,
                            "children": {
                                "SubprocessEnvManager._take_step": {
                                    "total": 2035.4850529010873,
                                    "count": 568006,
                                    "self": 40.73213569633663,
                                    "children": {
                                        "TorchPolicy.evaluate": {
                                            "total": 1994.7529172047507,
                                            "count": 565444,
                                            "self": 1994.7529172047507
                                        }
                                    }
                                },
                                "workers": {
                                    "total": 8.397568823536858,
                                    "count": 568005,
                                    "self": 0.0,
                                    "children": {
                                        "worker_root": {
                                            "total": 6688.975094264955,
                                            "count": 568005,