{
    "name": "root",
    "gauges": {
        "PlayerAgent.Policy.Entropy.mean": {
            "value": 1.2189652919769287,
            "min": 1.2189596891403198,
            "max": 1.2246190309524536,
            "count": 79
        },
        "PlayerAgent.Policy.Entropy.sum": {
            "value": 1218.96533203125,
            "min": 783.7561645507812,
            "max": 1259.04052734375,
            "count": 79
        },
        "PlayerAgent.Step.mean": {
            "value": 599995.0,
            "min": 521988.0,
            "max": 599995.0,
            "count": 79
        },
        "PlayerAgent.Step.sum": {
            "value": 599995.0,
            "min": 521988.0,
            "max": 599995.0,
            "count": 79
        },
        "PlayerAgent.Policy.ExtrinsicValueEstimate.mean": {
            "value": 11.506806373596191,
            "min": 9.666239738464355,
            "max": 14.171995162963867,
            "count": 79
        },
        "PlayerAgent.Policy.ExtrinsicValueEstimate.sum": {
            "value": 368.2178039550781,
            "min": 252.46697998046875,
            "max": 467.67584228515625,
            "count": 79
        },
        "PlayerAgent.IsTraining.mean": {
            "value": 1.0,
            "min": 1.0,
            "max": 1.0,
            "count": 79
        },
        "PlayerAgent.IsTraining.sum": {
            "value": 1.0,
            "min": 1.0,
            "max": 1.0,
            "count": 79
        },
        "PlayerAgent.Environment.EpisodeLength.mean": {
            "value": 999.0,
            "min": 71.0,
            "max": 999.0,
            "count": 77
        },
        "PlayerAgent.Environment.EpisodeLength.sum": {
            "value": 999.0,
            "min": 71.0,
            "max": 1817.0,
            "count": 77
        },
        "PlayerAgent.Environment.CumulativeReward.mean": {
            "value": 107.01038148999214,
            "min": 5.91721918966089,
            "max": 180.43634855747223,
            "count": 78
        },
        "PlayerAgent.Environment.CumulativeReward.sum": {
            "value": 107.01038148999214,
            "min": 24.611533522605896,
            "max": 215.77547551691532,
            "count": 78
        },
        "PlayerAgent.Policy.ExtrinsicReward.mean": {
            "value": 107.01038148999214,
            "min": 5.91721918966089,
            "max": 180.43634855747223,
            "count": 78
        },
        "PlayerAgent.Policy.ExtrinsicReward.sum": {
            "value": 107.01038148999214,
            "min": 24.611533522605896,
            "max": 215.77547551691532,
            "count": 78
        },
        "PlayerAgent.Losses.PolicyLoss.mean": {
            "value": 0.10000597884072704,
            "min": 0.08443997921555517,
            "max": 0.11178551046517289,
            "count": 38
        },
        "PlayerAgent.Losses.PolicyLoss.sum": {
            "value": 0.10000597884072704,
            "min": 0.08443997921555517,
            "max": 0.11178551046517289,
            "count": 38
        },
        "PlayerAgent.Losses.ValueLoss.mean": {
            "value": 8.374215230345726,
            "min": 4.334114256004493,
            "max": 11.904511605699858,
            "count": 38
        },
        "PlayerAgent.Losses.ValueLoss.sum": {
            "value": 8.374215230345726,
            "min": 4.334114256004493,
            "max": 11.904511605699858,
            "count": 38
        },
        "PlayerAgent.Policy.LearningRate.mean": {
            "value": 8.259997250000755e-08,
            "min": 8.259997250000755e-08,
            "max": 3.828208723933333e-05,
            "count": 38
        },
        "PlayerAgent.Policy.LearningRate.sum": {
            "value": 8.259997250000755e-08,
            "min": 8.259997250000755e-08,
            "max": 3.828208723933333e-05,
            "count": 38
        },
        "PlayerAgent.Policy.Epsilon.mean": {
            "value": 0.1000275,
            "min": 0.1000275,
            "max": 0.11276066666666672,
            "count": 38
        },
        "PlayerAgent.Policy.Epsilon.sum": {
            "value": 0.1000275,
            "min": 0.1000275,
            "max": 0.11276066666666672,
            "count": 38
        },
        "PlayerAgent.Policy.Beta.mean": {
            "value": 1.1372250000000126e-05,
            "min": 1.1372250000000126e-05,
            "max": 0.0006467572666666667,
            "count": 38
        },
        "PlayerAgent.Policy.Beta.sum": {
            "value": 1.1372250000000126e-05,
            "min": 1.1372250000000126e-05,
            "max": 0.0006467572666666667,
            "count": 38
        }
    },
    "metadata": {
        "timer_format_version": "0.1.0",
        "start_time_seconds": "1745283101",
        "python_version": "3.10.11 (tags/v3.10.11:7d4cc5a, Apr  5 2023, 00:38:17) [MSC v.1929 64 bit (AMD64)]",
        "command_line_arguments": "C:\\Users\\USER\\AppData\\Local\\Programs\\Python\\Python310\\Scripts\\mlagents-learn trainer_config.yaml --run-id=my_run --resume",
        "mlagents_version": "1.1.0",
        "mlagents_envs_version": "1.1.0",
        "communication_protocol_version": "1.5.0",
        "pytorch_version": "2.2.2+cu121",
        "numpy_version": "1.23.5",
        "end_time_seconds": "1745285115"
    },
    "total": 2014.4896311999764,
    "count": 1,
    "self": 0.0363495999481529,
    "children": {
        "run_training.setup": {
            "total": 0.09301930002402514,
            "count": 1,
            "self": 0.09301930002402514
        },
        "TrainerController.start_learning": {
            "total": 2014.3602623000043,
            "count": 1,
            "self": 2.116089996881783,
            "children": {
                "TrainerController._reset_env": {
                    "total": 10.166521799983457,
                    "count": 1,
                    "self": 10.166521799983457
                },
                "TrainerController.advance": {
                    "total": 2001.2555488031358,
                    "count": 78749,
                    "self": 2.1068689364474267,
                    "children": {
                        "env_step": {
                            "total": 1717.3452671860578,
                            "count": 78749,
                            "self": 898.0716818850487,
                            "children": {
                                "SubprocessEnvManager._take_step": {
                                    "total": 817.740378399496,
                                    "count": 78749,
                                    "self": 7.981832401710562,
                                    "children": {
                                        "TorchPolicy.evaluate": {
                                            "total": 809.7585459977854,
                                            "count": 78647,
                                            "self": 809.7585459977854
                                        }
                                    }
                                },
                                "workers": {
                                    "total": 1.53320690151304,
                                    "count": 78749,
                                    "self": 0.0,
                                    "children": {
                                        "worker_root": {
                                            "total": 2003.5623989996966,
                                            "count": 78749,
                                            "is_parallel": true,
                                            "self": 1214.547338926117,
                                            "children": {
                                                "steps_from_proto": {
                                                    "total": 0.00031759997364133596,
                                                    "count": 1,
                                                    "is_parallel": true,