{
    "name": "root",
    "gauges": {
        "PlayerAgent.Policy.Entropy.mean": {
            "value": 1.3394653797149658,
            "min": 1.3394653797149658,
            "max": 1.41574227809906,
            "count": 24
        },
        "PlayerAgent.Policy.Entropy.sum": {
            "value": 13394.654296875,
            "min": 13394.654296875,
            "max": 14163.060546875,
            "count": 24
        },
        "PlayerAgent.Step.mean": {
            "value": 239955.0,
            "min": 9960.0,
            "max": 239955.0,
            "count": 24
        },
        "PlayerAgent.Step.sum": {
            "value": 239955.0,
            "min": 9960.0,
            "max": 239955.0,
            "count": 24
        },
        "PlayerAgent.Policy.ExtrinsicValueEstimate.mean": {
            "value": 176.995361328125,
            "min": 2.6212215423583984,
            "max": 176.995361328125,
            "count": 24
        },
        "PlayerAgent.Policy.ExtrinsicValueEstimate.sum": {
            "value": 28319.2578125,
            "min": 416.77423095703125,
            "max": 28319.2578125,
            "count": 24
        },
        "PlayerAgent.Environment.EpisodeLength.mean": {
            "value": 999.0,
            "min": 872.0,
            "max": 999.0,
            "count": 24
        },
        "PlayerAgent.Environment.EpisodeLength.sum": {
            "value": 9990.0,
            "min": 9394.0,
            "max": 10805.0,
            "count": 24
        },
        "PlayerAgent.Environment.CumulativeReward.mean": {
            "value": 2347.15775308609,
            "min": 70.39114095767339,
            "max": 2347.15775308609,
            "count": 24
        },
        "PlayerAgent.Environment.CumulativeReward.sum": {
            "value": 23471.5775308609,
            "min": 633.5202686190605,
            "max": 23471.5775308609,
            "count": 24
        },
        "PlayerAgent.Policy.ExtrinsicReward.mean": {
            "value": 2347.15775308609,
            "min": 70.39114095767339,
            "max": 2347.15775308609,
            "count": 24
        },
        "PlayerAgent.Policy.ExtrinsicReward.sum": {
            "value": 23471.5775308609,
            "min": 633.5202686190605,
            "max": 23471.5775308609,
            "count": 24
        },
        "PlayerAgent.Losses.PolicyLoss.mean": {
            "value": 0.09653560116660173,
            "min": 0.0939905780925983,
            "max": 0.10811361122287053,
            "count": 24
        },
        "PlayerAgent.Losses.PolicyLoss.sum": {
            "value": 0.4826780058330086,
            "min": 0.38604194736217323,
            "max": 0.5405680561143527,
            "count": 24
        },
        "PlayerAgent.Losses.ValueLoss.mean": {
            "value": 106287.85032577514,
            "min": 5.1701189416150255,
            "max": 106287.85032577514,
            "count": 24
        },
        "PlayerAgent.Losses.ValueLoss.sum": {
            "value": 531439.2516288757,
            "min": 22.587105152507625,
            "max": 531439.2516288757,
            "count": 24
        },
        "PlayerAgent.Policy.LearningRate.mean": {
            "value": 0.00022925192358270002,
            "min": 0.00022925192358270002,
            "max": 0.00029845200051600005,
            "count": 24
        },
        "PlayerAgent.Policy.LearningRate.sum": {
            "value": 0.0011462596179135,
            "min": 0.0009779028740324,
            "max": 0.0014783280072239995,
            "count": 24
        },
        "PlayerAgent.Policy.Epsilon.mean": {
            "value": 0.17641730000000003,
            "min": 0.17641730000000003,
            "max": 0.19948400000000002,
            "count": 24
        },
        "PlayerAgent.Policy.Epsilon.sum": {
            "value": 0.8820865000000001,
            "min": 0.7259676,
            "max": 0.9927760000000001,
            "count": 24
        },
        "PlayerAgent.Policy.Beta.mean": {
            "value": 0.0038232232700000012,
            "min": 0.0038232232700000012,
            "max": 0.0049742516,
            "count": 24
        },
        "PlayerAgent.Policy.Beta.sum": {
            "value": 0.019116116350000007,
            "min": 0.016305783239999996,
            "max": 0.024639522400000006,
            "count": 24
        },
        "PlayerAgent.IsTraining.mean": {
            "value": 1.0,
            "min": 1.0,
            "max": 1.0,
            "count": 24
        },
        "PlayerAgent.IsTraining.sum": {
            "value": 1.0,
            "min": 1.0,
            "max": 1.0,
            "count": 24
        },
        "PlayerAgent.Self-play.ELO.mean": {
            "value": 1175.5262069827327,
            "min": 1175.5262069827327,
            "max": 1199.000999000999,
            "count": 13
        },
        "PlayerAgent.Self-play.ELO.sum": {
            "value": 2351.0524139654653,
            "min": 1177.0244935477585,
            "max": 4750.051653950603,
            "count": 13
        }
    },
    "metadata": {
        "timer_format_version": "0.1.0",
        "start_time_seconds": "1744900474",
        "python_version": "3.10.11 (tags/v3.10.11:7d4cc5a, Apr  5 2023, 00:38:17) [MSC v.1929 64 bit (AMD64)]",
        "command_line_arguments": "C:\\Users\\USER\\AppData\\Local\\Programs\\Python\\Python310\\Scripts\\mlagents-learn trainer_config.yaml --run-id=my_run --force",
        "mlagents_version": "1.1.0",
        "mlagents_envs_version": "1.1.0",
        "communication_protocol_version": "1.5.0",
        "pytorch_version": "2.2.2+cu121",
        "numpy_version": "1.23.5",
        "end_time_seconds": "1744906251"
    },
    "total": 5776.248581300024,
    "count": 1,
    "self": 0.020377400040160865,
    "children": {
        "run_training.setup": {
            "total": 0.1586892000050284,
            "count": 1,
            "self": 0.1586892000050284
        },
        "TrainerController.start_learning": {
            "total": 5776.069514699979,
            "count": 1,
            "self": 6.662043888121843,
            "children": {
                "TrainerController._reset_env": {
                    "total": 20.755191100004595,
                    "count": 1,
                    "self": 20.755191100004595
                },
                "TrainerController.advance": {
                    "total": 5748.12021411187,
                    "count": 244565,
                    "self": 6.324997095973231,
                    "children": {
                        "env_step": {
                            "total": 5279.772073395958,
                            "count": 244565,
                            "self": 3842.3985069755,
                            "children": {
                                "SubprocessEnvManager._take_step": {
                                    "total": 1432.7264261115924,
                                    "count": 244565,
                                    "self": 25.491708901245147,
                                    "children": {
                                        "TorchPolicy.evaluate": {
                                            "total": 1407.2347172103473,
                                            "count": 244331,
                                            "self": 1407.2347172103473
                                        }
                                    }
                                },
                                "workers": {
                                    "total": 4.647140308865346,
                                    "count": 244564,
                                    "self": 0.0,
                                    "children": {
                                        "worker_root": {
                                            "total": 5624.8881209142855,
                                            "count": 244564,
                                            "is_parallel": true,