{
    "name": "root",
    "gauges": {
        "PlayerAgent.Policy.Entropy.mean": {
            "value": 1.420407772064209,
            "min": 1.4194499254226685,
            "max": 1.420407772064209,
            "count": 2
        },
        "PlayerAgent.Policy.Entropy.sum": {
            "value": 14218.28125,
            "min": 14218.28125,
            "max": 14249.857421875,
            "count": 2
        },
        "PlayerAgent.Step.mean": {
            "value": 19985.0,
            "min": 9975.0,
            "max": 19985.0,
            "count": 2
        },
        "PlayerAgent.Step.sum": {
            "value": 19985.0,
            "min": 9975.0,
            "max": 19985.0,
            "count": 2
        },
        "PlayerAgent.Policy.ExtrinsicValueEstimate.mean": {
            "value": 6.606759071350098,
            "min": 4.58003568649292,
            "max": 6.606759071350098,
            "count": 2
        },
        "PlayerAgent.Policy.ExtrinsicValueEstimate.sum": {
            "value": 1109.935546875,
            "min": 737.3857421875,
            "max": 1109.935546875,
            "count": 2
        },
        "PlayerAgent.Environment.EpisodeLength.mean": {
            "value": 398.7692307692308,
            "min": 398.7692307692308,
            "max": 870.9090909090909,
            "count": 2
        },
        "PlayerAgent.Environment.EpisodeLength.sum": {
            "value": 10368.0,
            "min": 9580.0,
            "max": 10368.0,
            "count": 2
        },
        "PlayerAgent.Environment.CumulativeReward.mean": {
            "value": 21.562586698931856,
            "min": 21.562586698931856,
            "max": 103.26476501518945,
            "count": 2
        },
        "PlayerAgent.Environment.CumulativeReward.sum": {
            "value": 560.6272541722283,
            "min": 560.6272541722283,
            "max": 1135.912415167084,
            "count": 2
        },
        "PlayerAgent.Policy.ExtrinsicReward.mean": {
            "value": 21.562586698931856,
            "min": 21.562586698931856,
            "max": 103.26476501518945,
            "count": 2
        },
        "PlayerAgent.Policy.ExtrinsicReward.sum": {
            "value": 560.6272541722283,
            "min": 560.6272541722283,
            "max": 1135.912415167084,
            "count": 2
        },
        "PlayerAgent.Losses.PolicyLoss.mean": {
            "value": 0.09727311556804731,
            "min": 0.09727311556804731,
            "max": 0.11396180700823302,
            "count": 2
        },
        "PlayerAgent.Losses.PolicyLoss.sum": {
            "value": 0.48636557784023654,
            "min": 0.4558472280329321,
            "max": 0.48636557784023654,
            "count": 2
        },
        "PlayerAgent.Losses.ValueLoss.mean": {
            "value": 16.41422922660907,
            "min": 13.135532024006048,
            "max": 16.41422922660907,
            "count": 2
        },
        "PlayerAgent.Losses.ValueLoss.sum": {
            "value": 82.07114613304535,
            "min": 52.54212809602419,
            "max": 82.07114613304535,
            "count": 2
        },
        "PlayerAgent.Policy.LearningRate.mean": {
            "value": 0.00029564664145112,
            "min": 0.00029564664145112,
            "max": 0.0002984517005161,
            "count": 2
        },
        "PlayerAgent.Policy.LearningRate.sum": {
            "value": 0.0014782332072556,
            "min": 0.0011938068020644,
            "max": 0.0014782332072556,
            "count": 2
        },
        "PlayerAgent.Policy.Epsilon.mean": {
            "value": 0.19854888,
            "min": 0.19854888,
            "max": 0.19948390000000002,
            "count": 2
        },
        "PlayerAgent.Policy.Epsilon.sum": {
            "value": 0.9927444000000001,
            "min": 0.7979356000000001,
            "max": 0.9927444000000001,
            "count": 2
        },
        "PlayerAgent.Policy.Beta.mean": {
            "value": 0.004927589112,
            "min": 0.004927589112,
            "max": 0.00497424661,
            "count": 2
        },
        "PlayerAgent.Policy.Beta.sum": {
            "value": 0.02463794556,
            "min": 0.01989698644,
            "max": 0.02463794556,
            "count": 2
        },
        "PlayerAgent.Self-play.ELO.mean": {
            "value": 1183.5173670075774,
            "min": 1183.5173670075774,
            "max": 1197.0030201254226,
            "count": 2
        },
        "PlayerAgent.Self-play.ELO.sum": {
            "value": 26037.382074166704,
            "min": 5985.0151006271135,
            "max": 26037.382074166704,
            "count": 2
        },
        "PlayerAgent.IsTraining.mean": {
            "value": 1.0,
            "min": 1.0,
            "max": 1.0,
            "count": 2
        },
        "PlayerAgent.IsTraining.sum": {
            "value": 1.0,
            "min": 1.0,
            "max": 1.0,
            "count": 2
        }
    },
    "metadata": {
        "timer_format_version": "0.1.0",
        "start_time_seconds": "1744134387",
        "python_version": "3.10.12 | packaged by Anaconda, Inc. | (main, Jul  5 2023, 19:01:18) [MSC v.1916 64 bit (AMD64)]",
        "command_line_arguments": "C:\\Users\\s4403931\\.conda\\envs\\mlagents\\Scripts\\mlagents-learn trainer_config.yaml --run-id=my_run --force",
        "mlagents_version": "1.1.0",
        "mlagents_envs_version": "1.1.0",
        "communication_protocol_version": "1.5.0",
        "pytorch_version": "2.6.0+cpu",
        "numpy_version": "1.23.5",
        "end_time_seconds": "1744134600"
    },
    "total": 213.41801799999666,
    "count": 1,
    "self": 0.0034325000015087426,
    "children": {
        "run_training.setup": {
            "total": 0.09659669999382459,
            "count": 1,
            "self": 0.09659669999382459
        },
        "TrainerController.start_learning": {
            "total": 213.31798880000133,
            "count": 1,
            "self": 0.2395856008224655,
            "children": {
                "TrainerController._reset_env": {
                    "total": 17.12656760000391,
                    "count": 1,
                    "self": 17.12656760000391
                },
                "TrainerController.advance": {
                    "total": 195.82355439919047,
                    "count": 22034,
                    "self": 0.2121959967771545,
                    "children": {
                        "env_step": {
                            "total": 189.83367630076827,
                            "count": 22034,
                            "self": 179.24474610609468,
                            "children": {
                                "SubprocessEnvManager._take_step": {
                                    "total": 10.430091897927923,
                                    "count": 22034,
                                    "self": 0.6640856022422668,
                                    "children": {
                                        "TorchPolicy.evaluate": {
                                            "total": 9.766006295685656,
                                            "count": 21995,
                                            "self": 9.766006295685656
                                        }
                                    }
                                },
                                "workers": {
                                    "total": 0.15883829674567096,
                                    "count": 22033,
                                    "self": 0.0,
                                    "children": {
                                        "worker_root": {
                                            "total": 183.76105239754543,
                                            "count": 22033,
                                            "is_parallel": true,
                                            "self": 28.364341298380168,