{"count":1,"self":135.554944,"total":404.6553522,"children":{"InitializeActuators":{"count":12,"self":0.0005717,"total":0.0005717,"children":null},"InitializeSensors":{"count":12,"self":0.0016847,"total":0.0016847,"children":null},"AgentSendState":{"count":47151,"self":1.1945983999999998,"total":3.9479973,"children":{"CollectObservations":{"count":113172,"self":0.47562119999999997,"total":0.47562119999999997,"children":null},"WriteActionMask":{"count":113172,"self":0.1785492,"total":0.1785492,"children":null},"RequestDecision":{"count":113172,"self":0.7448918,"total":2.0992284999999997,"children":{"AgentInfo.ToProto":{"count":113172,"self":0.555937,"total":1.3543367,"children":{"GenerateSensorData":{"count":113172,"self":0.79839969999999993,"total":0.79839969999999993,"children":null}}}}}}},"DecideAction":{"count":47151,"self":261.54626559999997,"total":261.5462564,"children":null},"AgentAct":{"count":47151,"self":3.5927092,"total":3.6039019,"children":{"AgentInfo.ToProto":{"count":562,"self":0.0040958999999999995,"total":0.011192599999999999,"children":{"GenerateSensorData":{"count":562,"self":0.0070967,"total":0.0070967,"children":null}}}}}},"gauges":{"3DBall.CumulativeReward":{"count":562,"max":100.099045,"min":0.2000002,"runningAverage":18.4299145,"value":100.099045,"weightedAverage":100.097107}},"metadata":{"timer_format_version":"0.1.0","start_time_seconds":"1741090223","unity_version":"2023.2.0f1","command_line_arguments":"E:\\Unity 2023.2.0f1\\Editor\\Unity.exe -projectpath E:\\CT7121-Machine-Learning-and-Data-Analytics -useHub -hubIPC -cloudEnvironment production","communication_protocol_version":"1.5.0","com.unity.ml-agents_version":"3.0.0","scene_name":"3DBall","end_time_seconds":"1741090628"}}