{"count":1,"self":55.6370304,"total":56.1116836,"children":{"InitializeActuators":{"count":1,"self":0.0025147999999999998,"total":0.0025147999999999998,"children":null},"InitializeSensors":{"count":1,"self":0.0062553999999999995,"total":0.0062553999999999995,"children":null},"AgentSendState":{"count":2485,"self":0.0708364,"total":0.1010961,"children":{"CollectObservations":{"count":497,"self":0.0086179999999999989,"total":0.0086179999999999989,"children":null},"WriteActionMask":{"count":497,"self":0.0020220999999999998,"total":0.0020220999999999998,"children":null},"RequestDecision":{"count":497,"self":0.019619599999999997,"total":0.019619599999999997,"children":null}}},"DecideAction":{"count":2485,"self":0.30861109999999997,"total":0.3182412,"children":{"RayPerceptionSensor.Perceive":{"count":1491,"self":0.0096300999999999991,"total":0.0096300999999999991,"children":null}}},"AgentAct":{"count":2485,"self":0.0458742,"total":0.0458742,"children":null}},"gauges":{},"metadata":{"timer_format_version":"0.1.0","start_time_seconds":"1742782366","unity_version":"2023.2.0f1","command_line_arguments":"E:\\Unity 2023.2.0f1\\Editor\\Unity.exe -projectpath E:\\CT7121-Machine-Learning-and-Data-Analytics -useHub -hubIPC -cloudEnvironment production","communication_protocol_version":"1.5.0","com.unity.ml-agents_version":"3.0.0","scene_name":"Training","end_time_seconds":"1742782422"}}